timestamp_ms,snapshot_id,active_clients,total_actions,cpu_percent
1766393345544,1,1,0,0.0
1766393345599,2,1,0,16.7
1766393345653,3,1,0,0.0
1766393345707,4,1,0,0.0
1766393345761,5,1,0,0.0
1766393345816,6,1,0,0.0
1766393345870,7,1,0,0.0
1766393345923,8,1,0,20.0
1766393345976,9,1,0,0.0
1766393346032,10,1,0,0.0
1766393346086,11,1,0,0.0
1766393346139,12,1,0,0.0
1766393346193,13,1,0,16.7
1766393346246,14,1,0,0.0
1766393346300,15,1,0,0.0
1766393346353,16,1,0,0.0
1766393346407,17,1,0,0.0
1766393346461,18,1,0,20.0
1766393346516,19,1,0,0.0
1766393346570,20,1,0,0.0
1766393346624,21,1,0,0.0
1766393346677,22,1,0,20.0
1766393346731,23,1,0,0.0
1766393346785,24,1,0,0.0
1766393346839,25,1,0,0.0
1766393346892,26,1,0,0.0
1766393346945,27,1,0,0.0
1766393346999,28,1,0,0.0
1766393347053,29,1,0,0.0
1766393347107,30,1,0,0.0
1766393347160,31,1,0,20.0
1766393347213,32,1,0,0.0
1766393347267,33,1,0,0.0
1766393347321,34,1,0,0.0
1766393347374,35,1,0,0.0
1766393347430,36,1,0,0.0
1766393347483,37,1,0,0.0
1766393347537,38,1,0,20.0
1766393347590,39,1,0,0.0
1766393347644,40,1,0,0.0
1766393347697,41,1,0,0.0
1766393347751,42,1,0,0.0
1766393347806,43,1,0,0.0
1766393347859,44,1,0,20.0
1766393347913,45,1,0,0.0
1766393347969,46,1,0,0.0
1766393348022,47,1,0,20.0
1766393348076,48,1,0,0.0
1766393348129,49,1,0,0.0
1766393348182,50,1,0,0.0
1766393348236,51,1,0,0.0
1766393348290,52,1,0,0.0
1766393348344,53,1,0,0.0
1766393348398,54,1,0,20.0
1766393348452,55,1,0,20.0
1766393348506,56,1,0,0.0
1766393348560,57,1,0,0.0
1766393348614,58,1,0,0.0
1766393348668,59,1,0,16.7
1766393348722,60,1,0,0.0
1766393348775,61,1,0,0.0
1766393348829,62,1,0,0.0
1766393348883,63,1,0,0.0
1766393348937,64,1,0,0.0
1766393348990,65,1,0,0.0
1766393349044,66,1,0,0.0
1766393349098,67,1,0,16.7
1766393349152,68,1,0,0.0
1766393349205,69,1,0,0.0
1766393349258,70,1,0,0.0
1766393349311,71,1,0,0.0
1766393349365,72,1,0,0.0
1766393349419,73,1,0,0.0
1766393349472,74,1,0,0.0
1766393349526,75,1,0,0.0
1766393349579,76,1,0,0.0
1766393349633,77,1,0,20.0
1766393349686,78,1,0,0.0
1766393349740,79,1,0,0.0
1766393349795,80,1,0,0.0
1766393349848,81,1,0,0.0
1766393349902,82,1,0,0.0
1766393349955,83,1,0,0.0
1766393350009,84,1,0,14.3
1766393350063,85,1,0,0.0
1766393350116,86,1,0,0.0
1766393350170,87,1,0,0.0
1766393350224,88,1,0,0.0
1766393350278,89,1,0,0.0
1766393350332,90,1,0,0.0
1766393350386,91,1,0,0.0
1766393350441,92,1,0,0.0
1766393350494,93,1,0,16.7
1766393350548,94,1,0,0.0
1766393350601,95,1,0,0.0
1766393350655,96,1,0,0.0
1766393350709,97,1,0,0.0
1766393350763,98,1,0,0.0
1766393350817,99,1,0,0.0
1766393350871,100,1,0,0.0
1766393350924,101,1,0,16.7
1766393350978,102,1,0,0.0
1766393351032,103,1,0,0.0
1766393351087,104,1,0,0.0
1766393351141,105,1,0,0.0
1766393351194,106,1,0,0.0
1766393351248,107,1,0,20.0
1766393351301,108,1,0,0.0
1766393351355,109,1,0,0.0
1766393351408,110,1,0,0.0
1766393351464,111,1,0,0.0
1766393351519,112,1,0,0.0
1766393351572,113,1,0,0.0
1766393351626,114,1,0,0.0
1766393351680,115,1,0,20.0
1766393351734,116,1,0,0.0
1766393351787,117,1,0,0.0
1766393351841,118,1,0,0.0
1766393351894,119,1,0,20.0
1766393351948,120,1,0,0.0
1766393352002,121,1,0,0.0
1766393352056,122,1,0,0.0
1766393352109,123,1,0,0.0
1766393352163,124,1,0,20.0
1766393352217,125,1,0,0.0
1766393352270,126,1,0,0.0
1766393352325,127,1,0,0.0
1766393352379,128,1,0,0.0
1766393352433,129,1,0,20.0
1766393352487,130,1,0,0.0
1766393352541,131,1,0,0.0
1766393352595,132,1,0,0.0
1766393352650,133,1,0,0.0
1766393352703,134,1,0,0.0
1766393352756,135,1,0,0.0
1766393352810,136,1,0,20.0
1766393352863,137,1,0,0.0
1766393352917,138,1,0,0.0
1766393352972,139,1,0,0.0
1766393353025,140,1,0,0.0
1766393353079,141,1,0,0.0
1766393353132,142,1,0,0.0
1766393353186,143,1,0,0.0
1766393353240,144,1,0,20.0
1766393353294,145,1,0,0.0
1766393353348,146,1,0,0.0
1766393353402,147,1,0,0.0
1766393353456,148,1,0,0.0
1766393353510,149,1,0,0.0
1766393353567,150,1,0,20.0
1766393353620,151,1,0,0.0
1766393353674,152,1,0,0.0
1766393353728,153,1,0,0.0
1766393353786,154,1,0,20.0
1766393353839,155,1,0,0.0
1766393353892,156,1,0,0.0
1766393353946,157,1,0,20.0
1766393353999,158,1,0,0.0
1766393354052,159,1,0,0.0
1766393354107,160,1,0,0.0
1766393354161,161,1,0,0.0
1766393354215,162,1,0,0.0
1766393354269,163,1,0,16.7
1766393354322,164,1,0,0.0
1766393354377,165,1,0,0.0
1766393354431,166,1,0,0.0
1766393354484,167,1,0,0.0
1766393354537,168,1,0,0.0
1766393354591,169,1,0,0.0
1766393354644,170,1,0,20.0
1766393354698,171,1,0,0.0
1766393354751,172,1,0,0.0
1766393354805,173,1,0,0.0
1766393354859,174,1,0,0.0
1766393354912,175,1,0,0.0
1766393354965,176,1,0,0.0
1766393355019,177,1,0,0.0
1766393355072,178,1,0,0.0
1766393355125,179,1,0,16.7
1766393355179,180,1,0,0.0
1766393355233,181,1,0,0.0
1766393355288,182,1,0,0.0
1766393355343,183,1,0,0.0
1766393355396,184,1,0,16.7
1766393355450,185,1,0,0.0
1766393355504,186,1,0,0.0
1766393355559,187,1,0,0.0
1766393355614,188,1,0,0.0
1766393355668,189,1,0,0.0
1766393355722,190,1,0,0.0
1766393355776,191,1,0,0.0
1766393355830,192,1,0,20.0
1766393355884,193,1,0,0.0
1766393355938,194,1,0,0.0
1766393355991,195,1,0,0.0
1766393356046,196,1,0,0.0
1766393356099,197,1,0,20.0
1766393356154,198,1,0,0.0
1766393356223,199,1,0,16.7
1766393356279,200,1,0,0.0
1766393356334,201,1,0,20.0
1766393356389,202,1,0,0.0
1766393356444,203,1,0,0.0
1766393356498,204,1,0,0.0
1766393356552,205,1,0,0.0
1766393356605,206,1,0,20.0
1766393356659,207,1,0,0.0
1766393356713,208,1,0,0.0
1766393356767,209,1,0,0.0
1766393356821,210,1,0,0.0
1766393356875,211,1,0,20.0
1766393356929,212,1,0,0.0
1766393356982,213,1,0,0.0
1766393357036,214,1,0,0.0
1766393357093,215,1,0,0.0
1766393357146,216,1,0,0.0
1766393357200,217,1,0,20.0
1766393357253,218,1,0,0.0
1766393357308,219,1,0,0.0
1766393357362,220,1,0,0.0
1766393357415,221,1,0,0.0
1766393357469,222,1,0,0.0
1766393357523,223,1,0,0.0
1766393357578,224,1,0,14.3
1766393357632,225,1,0,0.0
1766393357686,226,1,0,0.0
1766393357740,227,1,0,0.0
1766393357794,228,1,0,0.0
1766393357848,229,1,0,0.0
1766393357901,230,1,0,0.0
1766393357954,231,1,0,20.0
1766393358009,232,1,0,0.0
1766393358062,233,1,0,16.7
1766393358116,234,1,0,0.0
1766393358170,235,1,0,0.0
1766393358224,236,1,0,0.0
1766393358278,237,1,0,0.0
1766393358331,238,1,0,20.0
1766393358385,239,1,0,0.0
1766393358440,240,1,0,0.0
1766393358494,241,1,0,0.0
1766393358547,242,1,0,0.0
1766393358601,243,1,0,0.0
1766393358655,244,1,0,0.0
1766393358709,245,1,0,20.0
1766393358762,246,1,0,0.0
1766393358815,247,1,0,0.0
1766393358868,248,1,0,0.0
1766393358922,249,1,0,0.0
1766393358976,250,1,0,0.0
1766393359030,251,1,0,16.7
1766393359084,252,1,0,0.0
1766393359138,253,1,0,0.0
1766393359191,254,1,0,0.0
1766393359245,255,1,0,0.0
1766393359298,256,1,0,0.0
1766393359352,257,1,0,0.0
1766393359405,258,1,0,0.0
1766393359459,259,1,0,0.0
1766393359512,260,1,0,0.0
1766393359567,261,1,0,0.0
1766393359620,262,1,0,20.0
1766393359674,263,1,0,0.0
1766393359728,264,1,0,0.0
1766393359783,265,1,0,0.0
1766393359836,266,1,0,20.0
1766393359890,267,1,0,0.0
1766393359944,268,1,0,0.0
1766393359999,269,1,0,0.0
1766393360054,270,1,0,0.0
1766393360108,271,1,0,16.7
1766393360162,272,1,0,0.0
1766393360216,273,1,0,0.0
1766393360270,274,1,0,0.0
1766393360324,275,1,0,0.0
1766393360380,276,1,0,16.7
1766393360434,277,1,0,0.0
1766393360489,278,1,0,0.0
1766393360543,279,1,0,0.0
1766393360596,280,1,0,0.0
1766393360650,281,1,0,20.0
1766393360704,282,1,0,0.0
1766393360759,283,1,0,20.0
1766393360812,284,1,0,0.0
1766393360865,285,1,0,0.0
1766393360919,286,1,0,0.0
1766393360972,287,1,0,0.0
1766393361027,288,1,0,0.0
1766393361080,289,1,0,20.0
1766393361134,290,1,0,0.0
1766393361188,291,1,0,0.0
1766393361242,292,1,0,0.0
1766393361296,293,1,0,0.0
1766393361349,294,1,0,20.0
1766393361405,295,1,0,0.0
1766393361458,296,1,0,0.0
1766393361512,297,1,0,0.0
1766393361566,298,1,0,20.0
1766393361619,299,1,0,0.0
1766393361673,300,1,0,0.0
1766393361727,301,1,0,0.0
1766393361781,302,1,0,0.0
1766393361836,303,1,0,0.0
1766393361890,304,1,0,20.0
1766393361944,305,1,0,0.0
1766393361998,306,1,0,0.0
1766393362051,307,1,0,0.0
1766393362105,308,1,0,0.0
1766393362159,309,1,0,0.0
1766393362213,310,1,0,0.0
1766393362267,311,1,0,20.0
1766393362320,312,1,0,0.0
1766393362374,313,1,0,0.0
1766393362427,314,1,0,0.0
1766393362481,315,1,0,0.0
1766393362535,316,1,0,0.0
1766393362589,317,1,0,20.0
1766393362642,318,1,0,0.0
1766393362696,319,1,0,0.0
1766393362749,320,1,0,0.0
1766393362803,321,1,0,20.0
1766393362857,322,1,0,0.0
1766393362910,323,1,0,0.0
1766393362964,324,1,0,0.0
1766393363017,325,1,0,0.0
1766393363071,326,1,0,0.0
1766393363125,327,1,0,0.0
1766393363179,328,1,0,0.0
1766393363233,329,1,0,20.0
1766393363287,330,1,0,0.0
1766393363340,331,1,0,0.0
1766393363395,332,1,0,0.0
1766393363449,333,1,0,0.0
1766393363503,334,1,0,0.0
1766393363557,335,1,0,20.0
1766393363611,336,1,0,0.0
1766393363664,337,1,0,0.0
1766393363719,338,1,0,0.0
1766393363773,339,1,0,0.0
1766393363826,340,1,0,0.0
1766393363879,341,1,0,20.0
1766393363934,342,1,0,0.0
1766393363987,343,1,0,0.0
1766393364041,344,1,0,0.0
1766393364094,345,1,0,0.0
1766393364147,346,1,0,0.0
1766393364201,347,1,0,0.0
1766393364255,348,1,0,0.0
1766393364308,349,1,0,0.0
1766393364361,350,1,0,0.0
1766393364414,351,1,0,16.7
1766393364468,352,1,0,0.0
1766393364521,353,1,0,0.0
1766393364575,354,1,0,0.0
1766393364628,355,1,0,0.0
1766393364682,356,1,0,0.0
1766393364735,357,1,0,20.0
1766393364789,358,1,0,0.0
1766393364843,359,1,0,25.0
1766393364896,360,1,0,0.0
1766393364950,361,1,0,0.0
1766393365003,362,1,0,0.0
1766393365057,363,1,0,16.7
1766393365111,364,1,0,0.0
1766393365164,365,1,0,0.0
1766393365218,366,1,0,0.0
1766393365272,367,1,0,0.0
1766393365325,368,1,0,0.0
1766393365379,369,1,0,0.0
1766393365433,370,1,0,0.0
1766393365486,371,1,0,33.3
1766393365541,372,1,0,0.0
1766393365595,373,1,0,0.0
1766393365649,374,1,0,0.0
1766393365703,375,1,0,0.0
1766393365757,376,1,0,0.0
1766393365810,377,1,0,0.0
1766393365864,378,1,0,0.0
1766393365918,379,1,0,0.0
1766393365972,380,1,0,0.0
1766393366025,381,1,0,0.0
1766393366079,382,1,0,0.0
1766393366133,383,1,0,0.0
1766393366189,384,1,0,16.7
1766393366242,385,1,0,0.0
1766393366297,386,1,0,0.0
1766393366352,387,1,0,0.0
1766393366405,388,1,0,0.0
1766393366460,389,1,0,0.0
1766393366514,390,1,0,0.0
1766393366569,391,1,0,0.0
1766393366623,392,1,0,0.0
1766393366677,393,1,0,0.0
1766393366731,394,1,0,20.0
1766393366787,395,1,0,0.0
1766393366841,396,1,0,0.0
1766393366895,397,1,0,0.0
1766393366949,398,1,0,0.0
1766393367003,399,1,0,0.0
1766393367057,400,1,0,0.0
1766393367111,401,1,0,0.0
1766393367166,402,1,0,0.0
1766393367221,403,1,0,0.0
1766393367275,404,1,0,0.0
1766393367328,405,1,0,0.0
1766393367383,406,1,0,0.0
1766393367437,407,1,0,0.0
1766393367491,408,1,0,0.0
1766393367545,409,1,0,0.0
1766393367599,410,1,0,0.0
1766393367652,411,1,0,16.7
1766393367706,412,1,0,0.0
1766393367760,413,1,0,0.0
1766393367814,414,1,0,0.0
1766393367868,415,1,0,0.0
1766393367922,416,1,0,0.0
1766393367976,417,1,0,0.0
1766393368030,418,1,0,0.0
1766393368084,419,1,0,0.0
1766393368137,420,1,0,0.0
1766393368191,421,1,0,20.0
1766393368250,422,1,0,20.0
1766393368304,423,1,0,0.0
1766393368357,424,1,0,0.0
1766393368411,425,1,0,0.0
1766393368467,426,1,0,0.0
1766393368521,427,1,0,0.0
1766393368574,428,1,0,0.0
1766393368629,429,1,0,0.0
1766393368683,430,1,0,0.0
1766393368737,431,1,0,0.0
1766393368791,432,1,0,20.0
1766393368845,433,1,0,0.0
1766393368899,434,1,0,0.0
1766393368954,435,1,0,0.0
1766393369008,436,1,0,0.0
1766393369061,437,1,0,0.0
1766393369116,438,1,0,0.0
1766393369170,439,1,0,0.0
1766393369224,440,1,0,0.0
1766393369278,441,1,0,0.0
1766393369333,442,1,0,0.0
1766393369387,443,1,0,16.7
1766393369441,444,1,0,0.0
1766393369495,445,1,0,0.0
1766393369549,446,1,0,0.0
1766393369602,447,1,0,0.0
1766393369657,448,1,0,0.0
1766393369711,449,1,0,0.0
1766393369765,450,1,0,0.0
1766393369819,451,1,0,0.0
1766393369872,452,1,0,0.0
1766393369926,453,1,0,0.0
1766393369981,454,1,0,0.0
1766393370036,455,1,0,0.0
1766393370090,456,1,0,0.0
1766393370144,457,1,0,0.0
1766393370198,458,1,0,20.0
1766393370252,459,1,0,0.0
1766393370306,460,1,0,0.0
1766393370360,461,1,0,0.0
1766393370413,462,1,0,0.0
1766393370467,463,1,0,0.0
1766393370521,464,1,0,0.0
1766393370576,465,1,0,0.0
1766393370630,466,1,0,0.0
1766393370684,467,1,0,0.0
1766393370738,468,1,0,20.0
1766393370791,469,1,0,0.0
1766393370845,470,1,0,0.0
1766393370899,471,1,0,0.0
1766393370952,472,1,0,0.0
1766393371006,473,1,0,0.0
1766393371060,474,1,0,0.0
1766393371115,475,1,0,0.0
1766393371169,476,1,0,20.0
1766393371223,477,1,0,0.0
1766393371277,478,1,0,0.0
1766393371331,479,1,0,0.0
1766393371385,480,1,0,20.0
1766393371439,481,1,0,0.0
1766393371493,482,1,0,0.0
1766393371547,483,1,0,0.0
1766393371601,484,1,0,0.0
1766393371655,485,1,0,0.0
1766393371710,486,1,0,0.0
1766393371763,487,1,0,0.0
1766393371817,488,1,0,0.0
1766393371870,489,1,0,20.0
1766393371927,490,1,0,0.0
1766393371981,491,1,0,0.0
1766393372035,492,1,0,0.0
1766393372090,493,1,0,0.0
1766393372159,494,1,0,0.0
1766393372213,495,1,0,0.0
1766393372266,496,1,0,0.0
1766393372323,497,1,0,20.0
1766393372377,498,1,0,0.0
1766393372431,499,1,0,0.0
1766393372485,500,1,0,0.0
1766393372538,501,1,0,0.0
1766393372592,502,1,0,0.0
1766393372645,503,1,0,16.7
1766393372699,504,1,0,0.0
1766393372754,505,1,0,0.0
1766393372809,506,1,0,0.0
1766393372863,507,1,0,0.0
1766393372917,508,1,0,0.0
1766393372972,509,1,0,0.0
1766393373026,510,1,0,0.0
1766393373081,511,1,0,0.0
1766393373135,512,1,0,0.0
1766393373190,513,1,0,20.0
1766393373244,514,1,0,0.0
1766393373299,515,1,0,0.0
1766393373353,516,1,0,0.0
1766393373407,517,1,0,0.0
1766393373460,518,1,0,0.0
1766393373514,519,1,0,0.0
1766393373568,520,1,0,0.0
1766393373622,521,1,0,0.0
1766393373676,522,1,0,0.0
1766393373729,523,1,0,0.0
1766393373783,524,1,0,0.0
1766393373838,525,1,0,0.0
1766393373891,526,1,0,0.0
1766393373945,527,1,0,0.0
1766393373999,528,1,0,20.0
1766393374053,529,1,0,0.0
1766393374108,530,1,0,0.0
1766393374162,531,1,0,0.0
1766393374216,532,1,0,0.0
1766393374270,533,1,0,0.0
1766393374325,534,1,0,0.0
1766393374378,535,1,0,0.0
1766393374432,536,1,0,0.0
1766393374486,537,1,0,16.7
1766393374540,538,1,0,0.0
1766393374593,539,1,0,0.0
1766393374647,540,1,0,0.0
1766393374701,541,1,0,0.0
1766393374756,542,1,0,0.0
1766393374810,543,1,0,0.0
1766393374864,544,1,0,0.0
1766393374918,545,1,0,0.0
1766393374971,546,1,0,0.0
1766393375025,547,1,0,0.0
1766393375079,548,1,0,0.0
1766393375134,549,1,0,0.0
1766393375188,550,1,0,0.0
1766393375243,551,1,0,20.0
1766393375297,552,1,0,0.0
1766393375350,553,1,0,0.0
1766393375405,554,1,0,0.0
1766393375461,555,1,0,0.0
1766393375515,556,1,0,0.0
1766393375571,557,1,0,0.0
1766393375625,558,1,0,0.0
1766393375679,559,1,0,0.0
1766393375734,560,1,0,33.3
1766393375788,561,1,0,0.0
1766393375842,562,1,0,0.0
1766393375896,563,1,0,0.0
1766393375949,564,1,0,0.0
1766393376003,565,1,0,0.0
1766393376057,566,1,0,0.0
1766393376111,567,1,0,0.0
1766393376165,568,1,0,0.0
1766393376219,569,1,0,0.0
1766393376273,570,1,0,0.0
1766393376326,571,1,0,0.0
1766393376380,572,1,0,20.0
1766393376434,573,1,0,0.0
1766393376487,574,1,0,0.0
1766393376541,575,1,0,0.0
1766393376595,576,1,0,0.0
1766393376649,577,1,0,0.0
1766393376703,578,1,0,0.0
1766393376757,579,1,0,0.0
1766393376811,580,1,0,0.0
1766393376865,581,1,0,0.0
1766393376918,582,1,0,16.7
1766393376973,583,1,0,0.0
1766393377027,584,1,0,0.0
1766393377081,585,1,0,0.0
1766393377141,586,1,0,0.0
1766393377196,587,1,0,0.0
1766393377250,588,1,0,0.0
1766393377304,589,1,0,0.0
1766393377358,590,1,0,0.0
1766393377412,591,1,0,0.0
1766393377466,592,1,0,0.0
1766393377520,593,1,0,0.0
1766393377574,594,1,0,0.0
1766393377627,595,1,0,0.0
1766393377682,596,1,0,0.0
1766393377735,597,1,0,16.7
1766393377790,598,1,0,0.0
1766393377844,599,1,0,0.0
1766393377897,600,1,0,0.0
1766393377951,601,1,0,0.0
1766393378005,602,1,0,0.0
1766393378059,603,1,0,0.0
1766393378113,604,1,0,0.0
1766393378166,605,1,0,0.0
1766393378221,606,1,0,0.0
1766393378275,607,1,0,0.0
1766393378328,608,1,0,0.0
1766393378382,609,1,0,0.0
1766393378436,610,1,0,16.7
1766393378490,611,1,0,0.0
1766393378544,612,1,0,0.0
1766393378598,613,1,0,0.0
1766393378651,614,1,0,0.0
1766393378705,615,1,0,0.0
1766393378759,616,1,0,0.0
1766393378813,617,1,0,0.0
1766393378867,618,1,0,0.0
1766393378921,619,1,0,0.0
1766393378975,620,1,0,0.0
1766393379028,621,1,0,0.0
1766393379082,622,1,0,0.0
1766393379136,623,1,0,0.0
1766393379191,624,1,0,20.0
1766393379245,625,1,0,0.0
1766393379299,626,1,0,0.0
1766393379353,627,1,0,0.0
1766393379407,628,1,0,0.0
1766393379461,629,1,0,0.0
1766393379514,630,1,0,0.0
1766393379568,631,1,0,0.0
1766393379622,632,1,0,20.0
1766393379676,633,1,0,0.0
1766393379729,634,1,0,0.0
1766393379783,635,1,0,0.0
1766393379837,636,1,0,0.0
1766393379891,637,1,0,0.0
1766393379944,638,1,0,0.0
1766393379998,639,1,0,0.0
1766393380051,640,1,0,0.0
1766393380105,641,1,0,0.0
1766393380160,642,1,0,0.0
1766393380213,643,1,0,0.0
1766393380268,644,1,0,0.0
1766393380322,645,1,0,0.0
1766393380377,646,1,0,20.0
1766393380434,647,1,0,0.0
1766393380488,648,1,0,0.0
1766393380542,649,1,0,0.0
1766393380596,650,1,0,0.0
1766393380650,651,1,0,0.0
1766393380704,652,1,0,0.0
1766393380759,653,1,0,0.0
1766393380813,654,1,0,14.3
1766393380867,655,1,0,0.0
1766393380921,656,1,0,0.0
1766393380975,657,1,0,0.0
1766393381028,658,1,0,20.0
1766393381082,659,1,0,0.0
1766393381136,660,1,0,0.0
1766393381190,661,1,0,0.0
1766393381243,662,1,0,0.0
1766393381297,663,1,0,0.0
1766393381351,664,1,0,0.0
1766393381405,665,1,0,0.0
1766393381459,666,1,0,0.0
1766393381514,667,1,0,0.0
1766393381567,668,1,0,0.0
1766393381621,669,1,0,0.0
1766393381676,670,1,0,0.0
1766393381730,671,1,0,0.0
1766393381784,672,1,0,20.0
1766393381838,673,1,0,0.0
1766393381892,674,1,0,0.0
1766393381946,675,1,0,0.0
1766393381999,676,1,0,0.0
1766393382053,677,1,0,0.0
1766393382107,678,1,0,0.0
1766393382160,679,1,0,0.0
1766393382214,680,1,0,0.0
1766393382269,681,1,0,0.0
1766393382323,682,1,0,0.0
1766393382377,683,1,0,0.0
1766393382433,684,1,0,20.0
1766393382488,685,1,0,0.0
1766393382542,686,1,0,0.0
1766393382596,687,1,0,20.0
1766393382650,688,1,0,0.0
1766393382704,689,1,0,0.0
1766393382758,690,1,0,0.0
1766393382813,691,1,0,0.0
1766393382866,692,1,0,0.0
1766393382920,693,1,0,0.0
1766393382974,694,1,0,20.0
1766393383027,695,1,0,0.0
1766393383082,696,1,0,0.0
1766393383135,697,1,0,0.0
1766393383190,698,1,0,0.0
1766393383244,699,1,0,0.0
1766393383297,700,1,0,0.0
1766393383352,701,1,0,0.0
1766393383406,702,1,0,0.0
1766393383459,703,1,0,0.0
1766393383512,704,1,0,0.0
1766393383566,705,1,0,0.0
1766393383620,706,1,0,20.0
1766393383674,707,1,0,0.0
1766393383727,708,1,0,0.0
1766393383784,709,1,0,0.0
1766393383838,710,1,0,0.0
1766393383891,711,1,0,0.0
1766393383945,712,1,0,0.0
1766393384000,713,1,0,0.0
1766393384053,714,1,0,0.0
1766393384107,715,1,0,0.0
1766393384159,716,1,0,0.0
1766393384213,717,1,0,0.0
1766393384267,718,1,0,0.0
1766393384321,719,1,0,0.0
1766393384377,720,1,0,0.0
1766393384431,721,1,0,0.0
1766393384484,722,1,0,16.7
1766393384537,723,1,0,0.0
1766393384591,724,1,0,0.0
1766393384645,725,1,0,0.0
1766393384699,726,1,0,0.0
1766393384754,727,1,0,0.0
1766393384808,728,1,0,0.0
1766393384863,729,1,0,0.0
1766393384916,730,1,0,20.0
1766393384970,731,1,0,0.0
1766393385023,732,1,0,0.0
1766393385076,733,1,0,0.0
1766393385130,734,1,0,0.0
1766393385184,735,1,0,0.0
1766393385238,736,1,0,0.0
1766393385292,737,1,0,0.0
1766393385345,738,1,0,0.0
1766393385400,739,1,0,0.0
1766393385454,740,1,0,0.0
1766393385507,741,1,0,0.0
1766393385561,742,1,0,0.0
1766393385614,743,1,0,0.0
1766393385668,744,1,0,0.0
1766393385722,745,1,0,0.0
1766393385776,746,1,0,0.0
1766393385830,747,1,0,0.0
1766393385884,748,1,0,16.7
1766393385938,749,1,0,0.0
1766393385992,750,1,0,0.0
1766393386046,751,1,0,0.0
1766393386101,752,1,0,0.0
1766393386155,753,1,0,0.0
1766393386209,754,1,0,0.0
1766393386264,755,1,0,0.0
1766393386317,756,1,0,0.0
1766393386372,757,1,0,0.0
1766393386425,758,1,0,0.0
1766393386479,759,1,0,0.0
1766393386533,760,1,0,16.7
1766393386587,761,1,0,0.0
1766393386640,762,1,0,0.0
1766393386694,763,1,0,0.0
1766393386749,764,1,0,0.0
1766393386802,765,1,0,0.0
1766393386856,766,1,0,0.0
1766393386911,767,1,0,0.0
1766393386965,768,1,0,0.0
1766393387019,769,1,0,0.0
1766393387074,770,1,0,16.7
1766393387129,771,1,0,0.0
1766393387182,772,1,0,0.0
1766393387235,773,1,0,0.0
1766393387288,774,1,0,0.0
1766393387341,775,1,0,0.0
1766393387397,776,1,0,0.0
1766393387451,777,1,0,16.7
1766393387505,778,1,0,0.0
1766393387559,779,1,0,0.0
1766393387613,780,1,0,0.0
1766393387668,781,1,0,0.0
1766393387722,782,1,0,0.0
1766393387776,783,1,0,0.0
1766393387830,784,1,0,0.0
1766393387884,785,1,0,0.0
1766393387937,786,1,0,20.0
1766393387991,787,1,0,0.0
1766393388046,788,1,0,0.0
1766393388100,789,1,0,0.0
1766393388154,790,1,0,0.0
1766393388208,791,1,0,0.0
1766393388262,792,1,0,0.0
1766393388316,793,1,0,0.0
1766393388369,794,1,0,0.0
1766393388422,795,1,0,0.0
1766393388477,796,1,0,0.0
1766393388533,797,1,0,0.0
1766393388587,798,1,0,0.0
1766393388640,799,1,0,0.0
1766393388695,800,1,0,0.0
1766393388749,801,1,0,16.7
1766393388803,802,1,0,0.0
1766393388857,803,1,0,0.0
1766393388911,804,1,0,0.0
1766393388968,805,1,0,0.0
1766393389022,806,1,0,0.0
1766393389077,807,1,0,0.0
1766393389131,808,1,0,0.0
1766393389185,809,1,0,0.0
1766393389239,810,1,0,0.0
1766393389294,811,1,0,0.0
1766393389347,812,1,0,0.0
1766393389403,813,1,0,20.0
1766393389457,814,1,0,0.0
1766393389511,815,1,0,0.0
1766393389565,816,1,0,0.0
1766393389618,817,1,0,0.0
1766393389672,818,1,0,0.0
1766393389726,819,1,0,0.0
1766393389780,820,1,0,0.0
1766393389833,821,1,0,0.0
1766393389887,822,1,0,0.0
1766393389941,823,1,0,0.0
1766393389995,824,1,0,0.0
1766393390049,825,1,0,20.0
1766393390103,826,1,0,0.0
1766393390157,827,1,0,0.0
1766393390212,828,1,0,0.0
1766393390265,829,1,0,0.0
1766393390320,830,1,0,0.0
1766393390373,831,1,0,0.0
1766393390429,832,1,0,0.0
1766393390485,833,1,0,0.0
1766393390539,834,1,0,0.0
1766393390591,835,1,0,0.0
1766393390646,836,1,0,0.0
1766393390699,837,1,0,0.0
1766393390754,838,1,0,0.0
1766393390808,839,1,0,14.3
1766393390862,840,1,0,0.0
1766393390916,841,1,0,16.7
1766393390970,842,1,0,0.0
1766393391024,843,1,0,0.0
1766393391078,844,1,0,0.0
1766393391131,845,1,0,0.0
1766393391189,846,1,0,20.0
1766393391243,847,1,0,0.0
1766393391297,848,1,0,0.0
1766393391351,849,1,0,0.0
1766393391405,850,1,0,0.0
1766393391461,851,1,0,0.0
1766393391515,852,1,0,0.0
1766393391569,853,1,0,0.0
1766393391623,854,1,0,0.0
1766393391677,855,1,0,16.7
1766393391731,856,1,0,0.0
1766393391784,857,1,0,0.0
1766393391839,858,1,0,0.0
1766393391893,859,1,0,0.0
1766393391946,860,1,0,0.0
1766393392000,861,1,0,0.0
1766393392053,862,1,0,0.0
1766393392108,863,1,0,0.0
1766393392161,864,1,0,0.0
1766393392215,865,1,0,0.0
1766393392270,866,1,0,0.0
1766393392325,867,1,0,0.0
1766393392378,868,1,0,0.0
1766393392432,869,1,0,0.0
1766393392487,870,1,0,0.0
1766393392541,871,1,0,16.7
1766393392595,872,1,0,0.0
1766393392648,873,1,0,0.0
1766393392702,874,1,0,0.0
1766393392757,875,1,0,0.0
1766393392813,876,1,0,0.0
1766393392867,877,1,0,0.0
1766393392921,878,1,0,0.0
1766393392976,879,1,0,0.0
1766393393029,880,1,0,0.0
1766393393084,881,1,0,0.0
1766393393138,882,1,0,16.7
1766393393191,883,1,0,0.0
1766393393245,884,1,0,0.0
1766393393299,885,1,0,0.0
1766393393353,886,1,0,0.0
1766393393407,887,1,0,0.0
1766393393460,888,1,0,0.0
1766393393514,889,1,0,0.0
1766393393568,890,1,0,0.0
1766393393621,891,1,0,0.0
1766393393675,892,1,0,0.0
1766393393730,893,1,0,0.0
1766393393783,894,1,0,0.0
1766393393837,895,1,0,0.0
1766393393891,896,1,0,0.0
1766393393945,897,1,0,0.0
1766393393999,898,1,0,16.7
1766393394053,899,1,0,0.0
1766393394108,900,1,0,0.0
1766393394162,901,1,0,0.0
1766393394216,902,1,0,0.0
1766393394270,903,1,0,0.0
1766393394324,904,1,0,0.0
1766393394378,905,1,0,0.0
1766393394432,906,1,0,0.0
1766393394486,907,1,0,20.0
1766393394540,908,1,0,0.0
1766393394594,909,1,0,0.0
1766393394648,910,1,0,0.0
1766393394702,911,1,0,0.0
1766393394757,912,1,0,0.0
1766393394810,913,1,0,0.0
1766393394866,914,1,0,0.0
1766393394919,915,1,0,0.0
1766393394974,916,1,0,0.0
1766393395029,917,1,0,14.3
1766393395083,918,1,0,0.0
1766393395137,919,1,0,0.0
1766393395191,920,1,0,0.0
1766393395245,921,1,0,0.0
1766393395299,922,1,0,0.0
1766393395353,923,1,0,0.0
1766393395409,924,1,0,0.0
1766393395463,925,1,0,0.0
1766393395517,926,1,0,0.0
1766393395571,927,1,0,0.0
1766393395625,928,1,0,0.0
1766393395679,929,1,0,16.7
1766393395732,930,1,0,20.0
1766393395787,931,1,0,0.0
1766393395841,932,1,0,0.0
1766393395895,933,1,0,0.0
1766393395948,934,1,0,0.0
1766393396002,935,1,0,0.0
1766393396057,936,1,0,0.0
1766393396111,937,1,0,0.0
1766393396165,938,1,0,16.7
1766393396219,939,1,0,0.0
1766393396273,940,1,0,0.0
1766393396326,941,1,0,0.0
1766393396381,942,1,0,0.0
1766393396435,943,1,0,0.0
1766393396490,944,1,0,0.0
1766393396544,945,1,0,0.0
1766393396597,946,1,0,0.0
1766393396651,947,1,0,0.0
1766393396705,948,1,0,20.0
1766393396759,949,1,0,0.0
1766393396813,950,1,0,0.0
1766393396867,951,1,0,0.0
1766393396922,952,1,0,0.0
1766393396975,953,1,0,0.0
1766393397029,954,1,0,0.0
1766393397083,955,1,0,0.0
1766393397137,956,1,0,0.0
1766393397190,957,1,0,0.0
1766393397244,958,1,0,0.0
1766393397299,959,1,0,0.0
1766393397353,960,1,0,0.0
1766393397406,961,1,0,20.0
1766393397460,962,1,0,0.0
1766393397515,963,1,0,0.0
1766393397568,964,1,0,0.0
1766393397623,965,1,0,0.0
1766393397676,966,1,0,0.0
1766393397730,967,1,0,0.0
1766393397784,968,1,0,0.0
1766393397838,969,1,0,0.0
1766393397892,970,1,0,0.0
1766393397946,971,1,0,0.0
1766393398000,972,1,0,0.0
1766393398054,973,1,0,20.0
1766393398108,974,1,0,0.0
1766393398162,975,1,0,0.0
1766393398218,976,1,0,0.0
1766393398272,977,1,0,0.0
1766393398326,978,1,0,0.0
1766393398379,979,1,0,0.0
1766393398433,980,1,0,0.0
1766393398488,981,1,0,0.0
1766393398542,982,1,0,0.0
1766393398595,983,1,0,0.0
1766393398649,984,1,0,0.0
1766393398703,985,1,0,0.0
1766393398757,986,1,0,0.0
1766393398810,987,1,0,0.0
1766393398864,988,1,0,0.0
1766393398918,989,1,0,20.0
1766393398972,990,1,0,0.0
1766393399025,991,1,0,0.0
1766393399079,992,1,0,0.0
1766393399134,993,1,0,0.0
1766393399188,994,1,0,0.0
1766393399242,995,1,0,0.0
1766393399295,996,1,0,0.0
1766393399349,997,1,0,0.0
1766393399403,998,1,0,0.0
1766393399459,999,1,0,0.0
1766393399512,1000,1,0,0.0
1766393399567,1001,1,0,0.0
1766393399620,1002,1,0,20.0
1766393399674,1003,1,0,0.0
1766393399729,1004,1,0,0.0
1766393399783,1005,1,0,0.0
1766393399837,1006,1,0,0.0
1766393399892,1007,1,0,0.0
1766393399946,1008,1,0,0.0
1766393400004,1009,1,0,0.0
1766393400058,1010,1,0,0.0
1766393400112,1011,1,0,0.0
1766393400167,1012,1,0,0.0
1766393400221,1013,1,0,0.0
1766393400275,1014,1,0,20.0
1766393400329,1015,1,0,0.0
1766393400383,1016,1,0,0.0
1766393400438,1017,1,0,0.0
1766393400491,1018,1,0,0.0
1766393400545,1019,1,0,0.0
1766393400599,1020,1,0,0.0
1766393400653,1021,1,0,0.0
1766393400706,1022,1,0,0.0
1766393400760,1023,1,0,0.0
1766393400814,1024,1,0,0.0
1766393400868,1025,1,0,0.0
1766393400922,1026,1,0,0.0
1766393400976,1027,1,0,0.0
1766393401029,1028,1,0,0.0
1766393401084,1029,1,0,20.0
1766393401138,1030,1,0,0.0
1766393401192,1031,1,0,0.0
1766393401245,1032,1,0,0.0
1766393401299,1033,1,0,0.0
1766393401354,1034,1,0,0.0
1766393401407,1035,1,0,0.0
1766393401461,1036,1,0,0.0
1766393401515,1037,1,0,0.0
1766393401569,1038,1,0,0.0
1766393401623,1039,1,0,0.0
1766393401677,1040,1,0,0.0
1766393401732,1041,1,0,0.0
1766393401786,1042,1,0,0.0
1766393401840,1043,1,0,0.0
1766393401893,1044,1,0,0.0
1766393401946,1045,1,0,0.0
1766393402001,1046,1,0,16.7
1766393402056,1047,1,0,0.0
1766393402111,1048,1,0,0.0
1766393402166,1049,1,0,0.0
1766393402220,1050,1,0,0.0
1766393402274,1051,1,0,0.0
1766393402329,1052,1,0,0.0
1766393402383,1053,1,0,0.0
1766393402437,1054,1,0,0.0
1766393402491,1055,1,0,0.0
1766393402545,1056,1,0,0.0
1766393402599,1057,1,0,20.0
1766393402652,1058,1,0,0.0
1766393402706,1059,1,0,0.0
1766393402760,1060,1,0,0.0
1766393402815,1061,1,0,0.0
1766393402869,1062,1,0,0.0
1766393402922,1063,1,0,0.0
1766393402977,1064,1,0,0.0
1766393403030,1065,1,0,0.0
1766393403084,1066,1,0,0.0
1766393403138,1067,1,0,0.0
1766393403192,1068,1,0,0.0
1766393403246,1069,1,0,0.0
1766393403300,1070,1,0,16.7
1766393403354,1071,1,0,0.0
1766393403408,1072,1,0,0.0
1766393403461,1073,1,0,0.0
1766393403515,1074,1,0,0.0
1766393403569,1075,1,0,0.0
1766393403623,1076,1,0,0.0
1766393403677,1077,1,0,0.0
1766393403730,1078,1,0,0.0
1766393403784,1079,1,0,0.0
1766393403838,1080,1,0,0.0
1766393403891,1081,1,0,0.0
1766393403945,1082,1,0,20.0
1766393403999,1083,1,0,0.0
1766393404053,1084,1,0,0.0
1766393404107,1085,1,0,0.0
1766393404160,1086,1,0,0.0
1766393404215,1087,1,0,0.0
1766393404269,1088,1,0,0.0
1766393404323,1089,1,0,0.0
1766393404377,1090,1,0,33.3
1766393404436,1091,1,0,25.0
1766393404490,1092,1,0,20.0
1766393404543,1093,1,0,20.0
1766393404597,1094,1,0,0.0
1766393404652,1095,1,0,0.0
1766393404706,1096,1,0,0.0
1766393404760,1097,1,0,0.0
1766393404815,1098,1,0,0.0
1766393404869,1099,1,0,0.0
1766393404923,1100,1,0,20.0
1766393404977,1101,1,0,0.0
1766393405033,1102,1,0,0.0
1766393405087,1103,1,0,0.0
1766393405141,1104,1,0,0.0
1766393405195,1105,1,0,0.0
1766393405248,1106,1,0,0.0
1766393405303,1107,1,0,0.0
1766393405358,1108,1,0,0.0
1766393405411,1109,1,0,0.0
1766393405466,1110,1,0,0.0
1766393405520,1111,1,0,0.0
1766393405574,1112,1,0,16.7
1766393405629,1113,1,0,0.0
1766393405683,1114,1,0,0.0
1766393405737,1115,1,0,0.0
1766393405791,1116,1,0,0.0
1766393405846,1117,1,0,0.0
1766393405901,1118,1,0,0.0
1766393405954,1119,1,0,0.0
1766393406008,1120,1,0,0.0
1766393406063,1121,1,0,0.0
1766393406117,1122,1,0,0.0
1766393406171,1123,1,0,20.0
1766393406224,1124,1,0,0.0
1766393406279,1125,1,0,0.0
1766393406332,1126,1,0,0.0
1766393406386,1127,1,0,0.0
